{
    "walls": [
        {
            "x": 862,
            "y": 306,
            "width": 45,
            "height": 88
        },
        {
            "x": 596,
            "y": -569,
            "width": 76,
            "height": 69
        },
        {
            "x": -381,
            "y": 461,
            "width": 43,
            "height": 32
        },
        {
            "x": 439,
            "y": -294,
            "width": 89,
            "height": 22
        },
        {
            "x": -760,
            "y": 419,
            "width": 49,
            "height": 99
        },
        {
            "x": -363,
            "y": -306,
            "width": 51,
            "height": 25
        },
        {
            "x": -495,
            "y": -457,
            "width": 67,
            "height": 54
        },
        {
            "x": -86,
            "y": 215,
            "width": 57,
            "height": 90
        },
        {
            "x": 563,
            "y": 631,
            "width": 99,
            "height": 37
        },
        {
            "x": 43,
            "y": 534,
            "width": 91,
            "height": 76
        },
        {
            "x": 561,
            "y": 150,
            "width": 66,
            "height": 27
        },
        {
            "x": -567,
            "y": -217,
            "width": 47,
            "height": 81
        },
        {
            "x": 881,
            "y": 109,
            "width": 94,
            "height": 50
        },
        {
            "x": -843,
            "y": -181,
            "width": 38,
            "height": 67
        },
        {
            "x": 224,
            "y": 581,
            "width": 85,
            "height": 31
        },
        {
            "x": -389,
            "y": -801,
            "width": 60,
            "height": 43
        },
        {
            "x": -291,
            "y": -276,
            "width": 99,
            "height": 65
        },
        {
            "x": 559,
            "y": -881,
            "width": 49,
            "height": 44
        },
        {
            "x": -328,
            "y": 46,
            "width": 32,
            "height": 62
        },
        {
            "x": 347,
            "y": -266,
            "width": 70,
            "height": 40
        }
    ]
}